{
    "RLT": 10,
    "RST": 9.78333,
    "XRP": 9.78333,
    "TRX": 9.86667,
    "DOGE": 9.78333,
    "BTC": 9.78333,
    "ETH": 9.78333,
    "BNB": 9.78333,
    "POL": 9.78333,
    "SOL": 9.78333,
    "LTC": 9.86667
}
