{
    "BRONZE I": {
        "RLT": 0.46616,
        "RST": 28.59094,
        "BTC": 0.0000018,
        "LTC": 0.00152
    },
    "BRONZE II": {
        "RLT": 0.82815,
        "RST": 50.79297,
        "BTC": 0.0000039,
        "LTC": 0.00316,
        "BNB": 0.00056
    },
    "BRONZE III": {
        "RLT": 1.16698,
        "RST": 71.57482,
        "BTC": 0.0000059,
        "LTC": 0.00434,
        "BNB": 0.00074,
        "POL": 4.13077
    },
    "SILVER I": {
        "RLT": 0.68607,
        "RST": 42.0788,
        "BTC": 0.0000031,
        "LTC": 0.00191,
        "BNB": 0.00036,
        "POL": 1.88708,
        "XRP": 0.16367,
        "USDT": 0.29167
    },
    "SILVER II": {
        "RLT": 0.80889,
        "RST": 49.61213,
        "BTC": 0.0000031,
        "LTC": 0.00216,
        "BNB": 0.00033,
        "POL": 2.01288,
        "XRP": 0.14964,
        "DOGE": 3.4067,
        "USDT": 0.41667
    },
    "SILVER III": {
        "RLT": 0.66076,
        "RST": 40.52638,
        "BTC": 0.0000029,
        "LTC": 0.00191,
        "BNB": 0.00022,
        "POL": 0.62903,
        "XRP": 0.09353,
        "DOGE": 2.7254,
        "ETH": 0.00014,
        "USDT": 0.55556
    },
    "GOLD I": {
        "RLT": 0.49823,
        "RST": 30.5582,
        "BTC": 0.000002,
        "LTC": 0.00153,
        "BNB": 0.00021,
        "POL": 0.94354,
        "XRP": 0.08418,
        "DOGE": 2.2498,
        "ETH": 0.0001,
        "TRX": 1.23041,
        "USDT": 0.3125
    },
    "GOLD II": {
        "RLT": 0.7993,
        "RST": 49.02385,
        "BTC": 0.0000036,
        "LTC": 0.00199,
        "BNB": 0.00025,
        "POL": 1.21089,
        "XRP": 0.10387,
        "DOGE": 2.044,
        "ETH": 0.00012,
        "TRX": 1.23041,
        "SOL": 0.00651,
        "HMT": 625,
        "USDT": 0.55556
    },
    "GOLD III": {
        "RLT": 2.04355,
        "RST": 125.33763,
        "BTC": 0.0000132,
        "LTC": 0.00664,
        "BNB": 0.00078,
        "POL": 3.77415,
        "XRP": 0.32735,
        "DOGE": 6.8134,
        "ETH": 0.00041,
        "TRX": 4.92163,
        "SOL": 0.01627,
        "HMT": 1528,
        "USDT": 2.08333
    },
    "PLATINUM I": {
        "RLT": 5.51,
        "RST": 338,
        "BTC": 0.0000184,
        "LTC": 0.01384,
        "BNB": 0.00151,
        "POL": 7.54831,
        "XRP": 0.60793,
        "DOGE": 13.6268,
        "ETH": 0.00086,
        "TRX": 11.07367,
        "SOL": 0.02115,
        "ALGO": 24.06195,
        "HMT": 3125,
        "USDT": 5.55556
    },
    "PLATINUM II": {
        "RLT": 1.58528,
        "RST": 97.23063,
        "BTC": 0.000016,
        "LTC": 0.00818,
        "BNB": 0.00078,
        "POL": 4.08867,
        "XRP": 0.58316,
        "DOGE": 14.5217,
        "ETH": 0.00059,
        "TRX": 7.38244,
        "SOL": 0.02237,
        "ALGO": 10.06528,
        "HMT": 2430,
        "USDT": 3.47222
    },
    "PLATINUM III": {
        "RLT": 0.9112,
        "RST": 55.88718,
        "BTC": 0.0000106,
        "LTC": 0.00382,
        "BNB": 0.00084,
        "POL": 3.45964,
        "XRP": 0.44423,
        "DOGE": 11.5292,
        "ETH": 0.00052,
        "TRX": 6.15204,
        "SOL": 0.0244,
        "ALGO": 6.47967,
        "HMT": 2084,
        "USDT": 3.125
    },
    "DIAMOND I": {
        "RST": 81,
        "BTC": 0.00001428,
        "LTC": 0.0158,
        "BNB": 0.00144,
        "POL": 16.04,
        "XRP": 1.02,
        "DOGE": 16.33,
        "ETH": 0.00079,
        "TRX": 5.07,
        "SOL": 0.0126,
        "ALGO": 14.49401,
        "USDT": 2.77778
    },
    "DIAMOND II": {
        "RST": 45.59218,
        "BTC": 0.0000136,
        "LTC": 0.01145,
        "BNB": 0.00134,
        "POL": 9.43539,
        "XRP": 0.56117,
        "DOGE": 10.2201,
        "ETH": 0.00052,
        "TRX": 2.95298,
        "SOL": 0.00813,
        "ALGO": 13.11728,
        "USDT": 3.81944
    },
    "DIAMOND III": {
        "RST": 88,
        "BTC": 0.00000102,
        "LTC": 0.00127,
        "BNB": 0.00013,
        "POL": 0.94354,
        "XRP": 0.07015,
        "DOGE": 1.1583,
        "ETH": 0.00006,
        "TRX": 0.43505,
        "SOL": 0.00162,
        "ALGO": 2.04621,
        "USDT": 0.34722
    }
}