{
    "BRONZE I": {
        "RLT": 0.76,
        "RST": 48,
        "BTC": 0.00000201,
        "LTC": 0.00138
    },
    "BRONZE II": {
        "RLT": 1.4,
        "RST": 86,
        "BTC": 0.00000411,
        "LTC": 0.00269,
        "BNB": 0.0007
    },
    "BRONZE III": {
        "RLT": 1.37,
        "RST": 84,
        "BTC": 0.0000052,
        "LTC": 0.0034,
        "BNB": 0.00064,
        "POL": 4.61
    },
    "SILVER I": {
        "RLT": 0.71,
        "RST": 44,
        "BTC": 0.00000288,
        "LTC": 0.0018,
        "BNB": 0.00032,
        "POL": 2.19,
        "XRP": 0.17
    },
    "SILVER II": {
        "RLT": 0.9,
        "RST": 55,
        "BTC": 0.0000032,
        "LTC": 0.0019,
        "BNB": 0.00034,
        "POL": 2.08,
        "XRP": 0.16,
        "DOGE": 3.88
    },
    "SILVER III": {
        "RLT": 0.61,
        "RST": 37,
        "BTC": 0.00000266,
        "LTC": 0.0015,
        "BNB": 0.00022,
        "POL": 1.49,
        "XRP": 0.11,
        "DOGE": 2.49,
        "ETH": 0.00013
    },
    "GOLD I": {
        "RLT": 0.69,
        "RST": 43,
        "BTC": 0.0000031,
        "LTC": 0.0016,
        "BNB": 0.00026,
        "POL": 1.48,
        "XRP": 0.1,
        "DOGE": 2.24,
        "ETH": 0.00011,
        "TRX": 2
    },
    "GOLD II": {
        "RLT": 1.56,
        "RST": 92,
        "BTC": 0.000007,
        "LTC": 0.003,
        "BNB": 0.00045,
        "POL": 2.57,
        "XRP": 0.17,
        "DOGE": 3.77,
        "ETH": 0.00018,
        "TRX": 3.18,
        "SOL": 0.0118,
        "HMT": 625
    },
    "GOLD III": {
        "RLT": 4,
        "RST": 244,
        "BTC": 0.000018,
        "LTC": 0.00853,
        "BNB": 0.0017,
        "POL": 7.27,
        "XRP": 0.49,
        "DOGE": 11.38,
        "ETH": 0.00058,
        "TRX": 11.8,
        "SOL": 0.0265,
        "HMT": 1528
    },
    "PLATINUM I": {
        "RLT": 6.73,
        "RST": 392,
        "BTC": 0.00003861,
        "LTC": 0.0192,
        "BNB": 0.00298,
        "POL": 18.74,
        "XRP": 1.31,
        "DOGE": 30.88,
        "ETH": 0.00161,
        "TRX": 29.35,
        "SOL": 0.0393,
        "ALGO": 33.4,
        "HMT": 3125
    },
    "PLATINUM II": {
        "RLT": 3.4,
        "RST": 209,
        "BTC": 0.00002928,
        "LTC": 0.0149,
        "BNB": 0.00236,
        "POL": 15.16,
        "XRP": 1.08,
        "DOGE": 26.01,
        "ETH": 0.00139,
        "TRX": 25.7,
        "SOL": 0.0528,
        "ALGO": 17,
        "HMT": 2430
    },
    "PLATINUM III": {
        "RLT": 2.69,
        "RST": 165,
        "BTC": 0.000028,
        "LTC": 0.0148,
        "BNB": 0.00241,
        "POL": 16.03,
        "XRP": 1.18,
        "DOGE": 28.97,
        "ETH": 0.00159,
        "TRX": 30.21,
        "SOL": 0.0777,
        "ALGO": 15.1,
        "HMT": 2084
    },
    "DIAMOND I": {
        "RST": 179,
        "BTC": 0.00003136,
        "LTC": 0.0347,
        "BNB": 0.00317,
        "POL": 35.23,
        "XRP": 2.24,
        "DOGE": 35.87,
        "ETH": 0.00173,
        "TRX": 11.14,
        "SOL": 0.0277,
        "ALGO": 40.9
    },
    "DIAMOND II": {
        "RST": 168,
        "BTC": 0.0000392,
        "LTC": 0.0434,
        "BNB": 0.00453,
        "POL": 44.03,
        "XRP": 2.8,
        "DOGE": 44.84,
        "ETH": 0.00216,
        "TRX": 13.93,
        "SOL": 0.0346,
        "ALGO": 51.1
    },
    "DIAMOND III": {
        "RST": 19.17,
        "BTC": 0.00000448,
        "LTC": 0.005,
        "BNB": 0.00052,
        "POL": 5.03,
        "XRP": 0.32,
        "DOGE": 5.12,
        "ETH": 0.00025,
        "TRX": 1.59,
        "SOL": 0.004,
        "ALGO": 5.8
    }
}