{
    "BRONZE I": { "RLT": 0.73828, "RST": 46, "BTC": 0.00000179, "LTC": 0.00119 },
    "BRONZE II": { "RLT": 1.32698, "RST": 82, "BTC": 0.00000385, "LTC": 0.0025092, "BNB": 0.00066759 },
    "BRONZE III": { "RLT": 1.299898, "RST": 80, "BTC": 0.00000408, "LTC": 0.00239654, "BNB": 0.00060573, "POL": 2.14834806 },
    "SILVER I": { "RLT": 0.666284, "RST": 41, "BTC": 0.00000232, "LTC": 0.00129264, "BNB": 0.00031038, "POL": 1.04579007, "XRP": 0.115269  },
    "SILVER II": { "RLT": 0.850264, "RST": 53, "BTC": 0.00000268, "LTC": 0.00141948, "BNB": 0.0003238, "POL": 1.03643207, "XRP": 0.108526, "DOGE": 2.54 },
    "SILVER III": { "RLT": 0.52083, "RST": 32, "BTC": 0.00000179, "LTC": 0.0009, "BNB": 0.0002, "POL": 0.59467, "XRP": 0.05916, "DOGE": 1.3153, "ETH": 0.00008 },
    "GOLD I": { "RLT": 0.66406, "RST": 41, "BTC": 0.00000255, "LTC": 0.00122, "BNB": 0.00025, "POL": 0.72453, "XRP": 0.06847, "DOGE": 1.4463, "ETH": 0.00008, "TRX": 1.68883 },
    "GOLD II": { "RLT": 1.547498, "RST": 95, "BTC": 0.00000636, "LTC": 0.00288689, "BNB": 0.0005646, "POL": 1.54947655, "XRP": 0.139106, "DOGE": 2.7914, "ETH": 0.00014509, "TRX": 2.94174684, "SOL": 0.00888225 },
    "GOLD III": { "RLT": 3.994792, "RST": 246, "BTC": 0.00001783, "LTC": 0.00841677, "BNB": 0.00171195, "POL": 4.88616555, "XRP": 0.456208, "DOGE": 9.5206, "ETH": 0.00051465, "TRX": 10.85230082, "SOL": 0.02329607 },
    "PLATINUM I": { "RLT": 6.076389, "RST": 373, "BTC": 0.00003306, "LTC": 0.01607122, "BNB": 0.0033669, "POL": 9.89796481, "XRP": 0.951869, "DOGE": 20.4605, "ETH": 0.0011392, "TRX": 24.74277757, "SOL": 0.04887942 },
    "PLATINUM II": { "RLT": 3.208334, "RST": 197, "BTC": 0.00002326, "LTC": 0.01154042, "BNB": 0.00246606, "POL": 7.39467481, "XRP": 0.725355, "DOGE": 15.9034, "ETH": 0.00090318, "TRX": 20.00885848, "SOL": 0.04419731 },
    "PLATINUM III": { "RLT": 1.75781, "RST": 108, "BTC": 0.0000153, "LTC": 0.00782, "BNB": 0.00172, "POL": 5.31257, "XRP": 0.53675, "DOGE": 12.1213, "ETH": 0.00071, "TRX": 16.17921, "SOL": 0.04069 },
    "DIAMOND I": { "RST": 89, "BTC": 0.00001225, "LTC": 0.01228536, "BNB": 0.00160201, "POL": 8.16471724, "XRP": 0.727265, "DOGE": 10.9623, "ETH": 0.00056675, "TRX": 7.79635442, "SOL": 0.01540337 },
    "DIAMOND II": { "RST": 84, "BTC": 0.00001543, "LTC": 0.01547, "BNB": 0.00231, "POL": 10.27932, "XRP": 0.91562, "DOGE": 13.8015, "ETH": 0.00071, "TRX": 9.81555, "SOL": 0.01939 },
    "DIAMOND III": { "RST": 11, "BTC": 0.00000198, "LTC": 0.00199, "BNB": 0.0003, "POL": 1.32163, "XRP": 0.11772, "DOGE": 1.7745, "ETH": 0.00009, "TRX": 1.262, "SOL": 0.00249 }
}
