{
    "BRONZE I": {
        "RLT": 0.76,
        "RST": 48,
        "BTC": 0.00000201,
        "LTC": 0.0015
    },
    "BRONZE II": {
        "RLT": 1.4,
        "RST": 86,
        "BTC": 0.00000411,
        "LTC": 0.00269,
        "BNB": 0.0007
    },
    "BRONZE III": {
        "RLT": 1.55,
        "RST": 117,
        "BTC": 0.00000759,
        "LTC": 0.0049,
        "BNB": 0.00087,
        "POL": 6.73
    },
    "SILVER I": {
        "RLT": 0.91,
        "RST": 69,
        "BTC": 0.0000043,
        "LTC": 0.0026,
        "BNB": 0.00044,
        "POL": 3.27,
        "XRP": 0.26,
        "USDT": 0.14287
    },
    "SILVER II": {
        "RLT": 1.07,
        "RST": 49.61213,
        "BTC": 0.00000459,
        "LTC": 0.0027,
        "BNB": 0.00043,
        "POL": 2.99,
        "XRP": 0.22,
        "DOGE": 5.56,
        "USDT": 0.195529
    },
    "SILVER III": {
        "RLT": 0.88,
        "RST": 66,
        "BTC": 0.0000041,
        "LTC": 0.0023,
        "BNB": 0.00035,
        "POL": 2.29,
        "XRP": 0.16,
        "DOGE": 3.84,
        "ETH": 0.00021,
        "USDT": 0.274038
    },
    "GOLD I": {
        "RLT": 0.66,
        "RST": 50,
        "BTC": 0.00000345,
        "LTC": 0.0018,
        "BNB": 0.00026,
        "POL": 1.65,
        "XRP": 0.11,
        "DOGE": 2.5,
        "ETH": 0.00013,
        "TRX": 2.23,
        "USDT": 0.151647
    },
    "GOLD II": {
        "RLT": 1.06,
        "RST": 80,
        "BTC": 0.0000054,
        "LTC": 0.00345,
        "BNB": 0.000525,
        "POL": 2.985,
        "XRP": 0.195,
        "DOGE": 4.425,
        "ETH": 0.00021,
        "TRX": 3.75,
        "SOL": 0.01395,
        "HMT": 937.5,
        "USDT": 0.411057
    },
    "GOLD III": {
        "RLT": 4.08,
        "RST": 306,
        "BTC": 0.000022965,
        "LTC": 0.01095,
        "BNB": 0.001665,
        "POL": 10.065,
        "XRP": 0.69,
        "DOGE": 15.705,
        "ETH": 0.000795,
        "TRX": 14.13,
        "SOL": 0.03645,
        "HMT": 2292,
        "USDT": 1.5
    },
    "PLATINUM I": {
        "RLT": 6.75,
        "RST": 507,
        "BTC": 0.000046275,
        "LTC": 0.0228,
        "BNB": 0.00357,
        "POL": 22.38,
        "XRP": 1.56,
        "DOGE": 37.05,
        "ETH": 0.001935,
        "TRX": 35.295,
        "SOL": 0.04725,
        "ALGO": 40.35,
        "HMT": 4687.5,
        "USDT": 3.510575
    },
    "PLATINUM II": {
        "RLT": 3.165,
        "RST": 237,
        "BTC": 0.00002835,
        "LTC": 0.01395,
        "BNB": 0.002265,
        "POL": 14.505,
        "XRP": 1.035,
        "DOGE": 25.32,
        "ETH": 0.00135,
        "TRX": 25.26,
        "SOL": 0.0519,
        "ALGO": 16.8,
        "HMT": 3645,
        "USDT": 2.19411
    },
    "PLATINUM III": {
        "RLT": 1.815,
        "RST": 136.5,
        "BTC": 0.000019125,
        "LTC": 0.0096,
        "BNB": 0.001635,
        "POL": 10.74,
        "XRP": 0.795,
        "DOGE": 20.16,
        "ETH": 0.00111,
        "TRX": 21.42,
        "SOL": 0.0552,
        "ALGO": 10.8,
        "HMT": 3126,
        "USDT": 1.974699
    },
    "DIAMOND I": {
        "RST": 121.5,
        "BTC": 0.00001863,
        "LTC": 0.02055,
        "BNB": 0.00189,
        "POL": 20.925,
        "XRP": 1.335,
        "DOGE": 21.315,
        "ETH": 0.00102,
        "TRX": 6.615,
        "SOL": 0.01725,
        "ALGO": 24.3,
        "USDT": 1.755288
    },
    "DIAMOND II": {
        "RST": 68.38827,
        "BTC": 0.00002265,
        "LTC": 0.02505,
        "BNB": 0.00261,
        "POL": 25.44,
        "XRP": 1.62,
        "DOGE": 25.92,
        "ETH": 0.001245,
        "TRX": 8.055,
        "SOL": 0.01995,
        "ALGO": 29.55,
        "USDT": 2.413521
    },
    "DIAMOND III": {
        "RST": 132,
        "BTC": 0.00000153,
        "LTC": 0.001905,
        "BNB": 0.000195,
        "POL": 1.41531,
        "XRP": 0.105225,
        "DOGE": 1.7375,
        "ETH": 0.00009,
        "TRX": 0.652575,
        "SOL": 0.00243,
        "ALGO": 3.069315,
        "USDT": 0.52083
    }
}
