{
    "BRONZE I": {
        "RLT": 0.46616,
        "RST": 28.59094,
        "BTC": 0.0000018,
        "LTC": 0.00152
    },
    "BRONZE II": {
        "RLT": 0.82815,
        "RST": 50.79297,
        "BTC": 0.0000039,
        "LTC": 0.00316,
        "BNB": 0.00056
    },
    "BRONZE III": {
        "RLT": 1.16698,
        "RST": 71.57482,
        "BTC": 0.0000059,
        "LTC": 0.00434,
        "BNB": 0.00074,
        "POL": 4.13077
    },
    "SILVER I": {
        "RLT": 0.68607,
        "RST": 42.0788,
        "BTC": 0.0000031,
        "LTC": 0.00191,
        "BNB": 0.00036,
        "POL": 1.88708,
        "XRP": 0.16367,
        "USDT": 0.29167
    },
    "SILVER II": {
        "RLT": 0.80889,
        "RST": 49.61213,
        "BTC": 0.0000031,
        "LTC": 0.00216,
        "BNB": 0.00033,
        "POL": 2.01288,
        "XRP": 0.14964,
        "DOGE": 3.4067,
        "USDT": 0.41667
    },
    "SILVER III": {
        "RLT": 0.66076,
        "RST": 40.52638,
        "BTC": 0.0000029,
        "LTC": 0.00191,
        "BNB": 0.00022,
        "POL": 0.62903,
        "XRP": 0.09353,
        "DOGE": 2.7254,
        "ETH": 0.00014,
        "USDT": 0.55556
    },
    "GOLD I": {
        "RLT": 0.49823,
        "RST": 30.5582,
        "BTC": 0.000002,
        "LTC": 0.00153,
        "BNB": 0.00021,
        "POL": 0.94354,
        "XRP": 0.08418,
        "DOGE": 2.2498,
        "ETH": 0.0001,
        "TRX": 1.23041,
        "USDT": 0.3125
    },
    "GOLD II": {
        "RLT": 0.7993,
        "RST": 49.02385,
        "BTC": 0.0000036,
        "LTC": 0.00199,
        "BNB": 0.00025,
        "POL": 1.21089,
        "XRP": 0.10387,
        "DOGE": 2.044,
        "ETH": 0.00012,
        "TRX": 1.23041,
        "SOL": 0.00651,
        "HMT": 625,
        "USDT": 0.55556
    },
    "GOLD III": {
        "RLT": 2.72,
        "RST": 204,
        "BTC": 0.00001531,
        "LTC": 0.0073,
        "BNB": 0.00111,
        "POL": 6.71,
        "XRP": 0.46,
        "DOGE": 10.47,
        "ETH": 0.00041,
        "TRX": 4.92163,
        "SOL": 0.01627,
        "HMT": 1528,
        "USDT": 2.08333
    },
    "PLATINUM I": {
        "RLT": 4.5,
        "RST": 338,
        "BTC": 0.00003085,
        "LTC": 0.0152,
        "BNB": 0.00238,
        "POL": 14.92,
        "XRP": 1.04,
        "DOGE": 24.7,
        "ETH": 0.00129,
        "TRX": 23.53,
        "SOL": 0.0315,
        "ALGO": 26.9,
        "HMT": 3125,
        "USDT": 2.340383
    },
    "PLATINUM II": {
        "RLT": 2.11,
        "RST": 158,
        "BTC": 0.0000189,
        "LTC": 0.0093,
        "BNB": 0.00151,
        "POL": 9.67,
        "XRP": 0.69,
        "DOGE": 16.88,
        "ETH": 0.0009,
        "TRX": 16.84,
        "SOL": 0.0346,
        "ALGO": 11.2,
        "HMT": 2430,
        "USDT": 1.46274
    },
    "PLATINUM III": {
        "RLT": 1.21,
        "RST": 91,
        "BTC": 0.00001275,
        "LTC": 0.0064,
        "BNB": 0.00109,
        "POL": 7.16,
        "XRP": 0.53,
        "DOGE": 13.44,
        "ETH": 0.00074,
        "TRX": 14.28,
        "SOL": 0.0368,
        "ALGO": 7.2,
        "HMT": 2084,
        "USDT": 1.316466
    },
    "DIAMOND I": {
        "RST": 81,
        "BTC": 0.00001242,
        "LTC": 0.0137,
        "BNB": 0.00126,
        "POL": 13.95,
        "XRP": 0.89,
        "DOGE": 14.21,
        "ETH": 0.00068,
        "TRX": 4.41,
        "SOL": 0.0115,
        "ALGO": 16.2,
        "USDT": 1.170192
    },
    "DIAMOND II": {
        "RST": 45.59218,
        "BTC": 0.0000151,
        "LTC": 0.0167,
        "BNB": 0.00174,
        "POL": 16.96,
        "XRP": 1.08,
        "DOGE": 17.28,
        "ETH": 0.00083,
        "TRX": 5.37,
        "SOL": 0.0133,
        "ALGO": 19.7,
        "USDT": 1.609014
    },
    "DIAMOND III": {
        "RST": 88,
        "BTC": 0.00000102,
        "LTC": 0.00127,
        "BNB": 0.00013,
        "POL": 0.94354,
        "XRP": 0.07015,
        "DOGE": 1.1583,
        "ETH": 0.00006,
        "TRX": 0.43505,
        "SOL": 0.00162,
        "ALGO": 2.04621,
        "USDT": 0.34722
    }
}
