{
    "BRONZE I": {
        "RLT": 0.76,
        "RST": 48,
        "BTC": 0.00000201,
        "LTC": 0.00138
    },
    "BRONZE II": {
        "RLT": 1.4,
        "RST": 86,
        "BTC": 0.00000411,
        "LTC": 0.00269,
        "BNB": 0.0007
    },
    "BRONZE III": {
        "RLT": 1.9,
        "RST": 117,
        "BTC": 0.00000759,
        "LTC": 0.0049,
        "BNB": 0.00087,
        "POL": 6.73
    },
    "SILVER I": {
        "RLT": 1.12,
        "RST": 69,
        "BTC": 0.00000494,
        "LTC": 0.003,
        "BNB": 0.00051,
        "POL": 3.76,
        "XRP": 0.3
    },
    "SILVER II": {
        "RLT": 1.32,
        "RST": 81,
        "BTC": 0.00000528,
        "LTC": 0.0031,
        "BNB": 0.00049,
        "POL": 3.44,
        "XRP": 0.26,
        "DOGE": 6.39
    },
    "SILVER III": {
        "RLT": 1.08,
        "RST": 66,
        "BTC": 0.00000471,
        "LTC": 0.0026,
        "BNB": 0.0004,
        "POL": 2.63,
        "XRP": 0.19,
        "DOGE": 4.42,
        "ETH": 0.00024
    },
    "GOLD I": {
        "RLT": 0.81,
        "RST": 50,
        "BTC": 0.00000396,
        "LTC": 0.0021,
        "BNB": 0.0003,
        "POL": 1.9,
        "XRP": 0.13,
        "DOGE": 2.87,
        "ETH": 0.00015,
        "TRX": 2.56
    },
    "GOLD II": {
        "RLT": 1.3,
        "RST": 80,
        "BTC": 0.00000632,
        "LTC": 0.0027,
        "BNB": 0.0004,
        "POL": 2.29,
        "XRP": 0.15,
        "DOGE": 3.39,
        "ETH": 0.00017,
        "TRX": 2.87,
        "SOL": 0.0107,
        "HMT": 625
    },
    "GOLD III": {
        "RLT": 3.33,
        "RST": 204,
        "BTC": 0.0000176,
        "LTC": 0.0084,
        "BNB": 0.00127,
        "POL": 7.71,
        "XRP": 0.52,
        "DOGE": 12.03,
        "ETH": 0.00061,
        "TRX": 10.83,
        "SOL": 0.028,
        "HMT": 1528
    },
    "PLATINUM I": {
        "RLT": 5.51,
        "RST": 338,
        "BTC": 0.00003546,
        "LTC": 0.0175,
        "BNB": 0.00273,
        "POL": 17.15,
        "XRP": 1.2,
        "DOGE": 28.39,
        "ETH": 0.00148,
        "TRX": 27.05,
        "SOL": 0.0362,
        "ALGO": 30.9,
        "HMT": 3125
    },
    "PLATINUM II": {
        "RLT": 2.58,
        "RST": 158,
        "BTC": 0.00002172,
        "LTC": 0.0107,
        "BNB": 0.00174,
        "POL": 11.11,
        "XRP": 0.8,
        "DOGE": 19.41,
        "ETH": 0.00104,
        "TRX": 19.35,
        "SOL": 0.0398,
        "ALGO": 12.9,
        "HMT": 2430
    },
    "PLATINUM III": {
        "RLT": 1.48,
        "RST": 91,
        "BTC": 0.00001466,
        "LTC": 0.0073,
        "BNB": 0.00125,
        "POL": 8.22,
        "XRP": 0.61,
        "DOGE": 15.45,
        "ETH": 0.00085,
        "TRX": 16.42,
        "SOL": 0.0423,
        "ALGO": 8.3,
        "HMT": 2084
    },
    "DIAMOND I": {
        "RST": 81,
        "BTC": 0.00001428,
        "LTC": 0.0158,
        "BNB": 0.00144,
        "POL": 16.04,
        "XRP": 1.02,
        "DOGE": 16.33,
        "ETH": 0.00079,
        "TRX": 5.07,
        "SOL": 0.0126,
        "ALGO": 18.6
    },
    "DIAMOND II": {
        "RST": 168,
        "BTC": 0.00001746,
        "LTC": 0.0192,
        "BNB": 0.00201,
        "POL": 19.5,
        "XRP": 1.24,
        "DOGE": 19.86,
        "ETH": 0.00096,
        "TRX": 6.17,
        "SOL": 0.0153,
        "ALGO": 22.6
    },
    "DIAMOND III": {
        "RST": 11,
        "BTC": 0.00000198,
        "LTC": 0.00199,
        "BNB": 0.0003,
        "POL": 1.32163,
        "XRP": 0.11772,
        "DOGE": 1.7745,
        "ETH": 0.00009,
        "TRX": 1.262,
        "SOL": 0.00249,
        "ALGO": 1.83942
    }
}
