{
    "BRONZE I": {
        "RLT": 0.76,
        "RST": 48,
        "BTC": 0.00000201,
        "LTC": 0.0015
    },
    "BRONZE II": {
        "RLT": 1.4,
        "RST": 86,
        "BTC": 0.00000411,
        "LTC": 0.00269,
        "BNB": 0.0007
    },
    "BRONZE III": {
        "RLT": 1.55,
        "RST": 117,
        "BTC": 0.00000759,
        "LTC": 0.0049,
        "BNB": 0.00087,
        "POL": 6.73
    },
    "SILVER I": {
        "RLT": 0.91,
        "RST": 69,
        "BTC": 0.0000043,
        "LTC": 0.0026,
        "BNB": 0.00044,
        "POL": 3.27,
        "XRP": 0.26,
        "USDT": 0.214305
    },
    "SILVER II": {
        "RLT": 1.07,
        "RST": 49.61213,
        "BTC": 0.00000459,
        "LTC": 0.0027,
        "BNB": 0.00043,
        "POL": 2.99,
        "XRP": 0.22,
        "DOGE": 5.56,
        "USDT": 0.293294
    },
    "SILVER III": {
        "RLT": 0.88,
        "RST": 66,
        "BTC": 0.0000041,
        "LTC": 0.0023,
        "BNB": 0.00035,
        "POL": 2.29,
        "XRP": 0.16,
        "DOGE": 3.84,
        "ETH": 0.00021,
        "USDT": 0.411057
    },
    "GOLD I": {
        "RLT": 0.66,
        "RST": 50,
        "BTC": 0.00000345,
        "LTC": 0.0018,
        "BNB": 0.00026,
        "POL": 1.65,
        "XRP": 0.11,
        "DOGE": 2.5,
        "ETH": 0.00013,
        "TRX": 2.23,
        "USDT": 0.227471
    },
    "GOLD II": {
        "RLT": 1.06,
        "RST": 80,
        "BTC": 0.0000036,
        "LTC": 0.0023,
        "BNB": 0.00035,
        "POL": 1.99,
        "XRP": 0.13,
        "DOGE": 2.95,
        "ETH": 0.00014,
        "TRX": 2.5,
        "SOL": 0.0093,
        "HMT": 625,
        "USDT": 0.411057
    },
    "GOLD III": {
        "RLT": 2.72,
        "RST": 204,
        "BTC": 0.00001531,
        "LTC": 0.0073,
        "BNB": 0.00111,
        "POL": 6.71,
        "XRP": 0.46,
        "DOGE": 10.47,
        "ETH": 0.00053,
        "TRX": 9.42,
        "SOL": 0.0243,
        "HMT": 1528,
        "USDT": 1.5
    },
    "PLATINUM I": {
        "RLT": 4.5,
        "RST": 338,
        "BTC": 0.000046275,
        "LTC": 0.0228,
        "BNB": 0.00357,
        "POL": 22.38,
        "XRP": 1.56,
        "DOGE": 37.05,
        "ETH": 0.001935,
        "TRX": 23.53,
        "SOL": 0.0315,
        "ALGO": 26.9,
        "HMT": 3125,
        "USDT": 2.340383
    },
    "PLATINUM II": {
        "RLT": 2.11,
        "RST": 158,
        "BTC": 0.00002835,
        "LTC": 0.01395,
        "BNB": 0.002265,
        "POL": 14.505,
        "XRP": 1.035,
        "DOGE": 25.32,
        "ETH": 0.00135,
        "TRX": 25.26,
        "SOL": 0.0346,
        "ALGO": 11.2,
        "HMT": 2430,
        "USDT": 1.46274
    },
    "PLATINUM III": {
        "RLT": 1.21,
        "RST": 91,
        "BTC": 0.000019125,
        "LTC": 0.0096,
        "BNB": 0.001635,
        "POL": 10.74,
        "XRP": 0.795,
        "DOGE": 20.16,
        "ETH": 0.00111,
        "TRX": 21.42,
        "SOL": 0.0552,
        "ALGO": 7.2,
        "HMT": 2084,
        "USDT": 1.316466
    },
    "DIAMOND I": {
        "RST": 81,
        "BTC": 0.00001242,
        "LTC": 0.0137,
        "BNB": 0.00126,
        "POL": 13.95,
        "XRP": 0.89,
        "DOGE": 14.21,
        "ETH": 0.00068,
        "TRX": 4.41,
        "SOL": 0.0115,
        "ALGO": 16.2,
        "USDT": 1.170192
    },
    "DIAMOND II": {
        "RST": 45.59218,
        "BTC": 0.0000151,
        "LTC": 0.0167,
        "BNB": 0.00174,
        "POL": 16.96,
        "XRP": 1.08,
        "DOGE": 17.28,
        "ETH": 0.00083,
        "TRX": 5.37,
        "SOL": 0.0133,
        "ALGO": 19.7,
        "USDT": 1.609014
    },
    "DIAMOND III": {
        "RST": 88,
        "BTC": 0.00000102,
        "LTC": 0.00127,
        "BNB": 0.00013,
        "POL": 0.94354,
        "XRP": 0.07015,
        "DOGE": 1.1583,
        "ETH": 0.00006,
        "TRX": 0.43505,
        "SOL": 0.00162,
        "ALGO": 2.04621,
        "USDT": 0.34722
    }
}
