{
    "BRONZE I": {
        "RLT": 0.76,
        "RST": 48,
        "BTC": 0.00000201,
        "LTC": 0.0015
    },
    "BRONZE II": {
        "RLT": 1.4,
        "RST": 86,
        "BTC": 0.00000411,
        "LTC": 0.00269,
        "BNB": 0.0007
    },
    "BRONZE III": {
        "RLT": 1.55,
        "RST": 117,
        "BTC": 0.00000759,
        "LTC": 0.0049,
        "BNB": 0.00087,
        "POL": 6.73
    },
    "SILVER I": {
        "RLT": 0.91,
        "RST": 69,
        "BTC": 0.0000043,
        "LTC": 0.0026,
        "BNB": 0.00046,
        "POL": 3.27,
        "XRP": 0.252,
        "USDT": 0.14287
    },
    "SILVER II": {
        "RLT": 1.07,
        "RST": 49.61213,
        "BTC": 0.00000459,
        "LTC": 0.0027,
        "BNB": 0.00044,
        "POL": 2.99,
        "XRP": 0.219,
        "DOGE": 5.56,
        "USDT": 0.195529
    },
    "SILVER III": {
        "RLT": 0.88,
        "RST": 66,
        "BTC": 0.0000041,
        "LTC": 0.0023,
        "BNB": 0.00036,
        "POL": 2.29,
        "XRP": 0.159,
        "DOGE": 3.84,
        "ETH": 0.00021,
        "USDT": 0.274038
    },
    "GOLD I": {
        "RLT": 0.66,
        "RST": 50,
        "BTC": 0.00000345,
        "LTC": 0.0018,
        "BNB": 0.00027,
        "POL": 1.667,
        "XRP": 0.109,
        "DOGE": 2.5,
        "ETH": 0.00013,
        "TRX": 2.185,
        "USDT": 0.151647
    },
    "GOLD II": {
        "RLT": 1.06,
        "RST": 80,
        "BTC": 0.0000036,
        "LTC": 0.0023,
        "BNB": 0.00036,
        "POL": 2.011,
        "XRP": 0.128,
        "DOGE": 2.95,
        "ETH": 0.00014,
        "TRX": 2.451,
        "SOL": 0.009,
        "HMT": 625,
        "USDT": 0.274038
    },
    "GOLD III": {
        "RLT": 2.72,
        "RST": 204,
        "BTC": 0.00001531,
        "LTC": 0.0073,
        "BNB": 0.00114,
        "POL": 6.779,
        "XRP": 0.446,
        "DOGE": 10.47,
        "ETH": 0.00053,
        "TRX": 9.235,
        "SOL": 0.024,
        "HMT": 1528,
        "USDT": 1
    },
    "PLATINUM I": {
        "RLT": 4.5,
        "RST": 338,
        "BTC": 0.00003085,
        "LTC": 0.0152,
        "BNB": 0.00245,
        "POL": 15.074,
        "XRP": 1.023,
        "DOGE": 24.7,
        "ETH": 0.00129,
        "TRX": 23.062,
        "SOL": 0.031,
        "ALGO": 26.9,
        "HMT": 3125,
        "USDT": 2.340383
    },
    "PLATINUM II": {
        "RLT": 2.11,
        "RST": 158,
        "BTC": 0.0000189,
        "LTC": 0.0093,
        "BNB": 0.00156,
        "POL": 9.765,
        "XRP": 0.68,
        "DOGE": 16.88,
        "ETH": 0.0009,
        "TRX": 16.499,
        "SOL": 0.034,
        "ALGO": 11.2,
        "HMT": 2430,
        "USDT": 1.46274
    },
    "PLATINUM III": {
        "RLT": 1.21,
        "RST": 91,
        "BTC": 0.00001275,
        "LTC": 0.0064,
        "BNB": 0.00112,
        "POL": 7.227,
        "XRP": 0.523,
        "DOGE": 13.44,
        "ETH": 0.00074,
        "TRX": 13.997,
        "SOL": 0.036,
        "ALGO": 7.2,
        "HMT": 2084,
        "USDT": 1.316466
    },
    "DIAMOND I": {
        "RST": 81,
        "BTC": 0.00001242,
        "LTC": 0.0137,
        "BNB": 0.00129,
        "POL": 14.094,
        "XRP": 0.87,
        "DOGE": 14.21,
        "ETH": 0.00068,
        "TRX": 4.326,
        "SOL": 0.011,
        "ALGO": 16.2,
        "USDT": 1.170192
    },
    "DIAMOND II": {
        "RST": 45.59218,
        "BTC": 0.00002643,
        "LTC": 0.02255,
        "BNB": 0.00314,
        "POL": 16.271,
        "XRP": 1,
        "DOGE": 30.23,
        "ETH": 0.000789,
        "TRX": 4.998,
        "SOL": 0.017,
        "ALGO": 34.4,
        "USDT": 2.7
    },
    "DIAMOND III": {
        "RST": 352,
        "BTC": 0.00000408,
        "LTC": 0.00508,
        "BNB": 0.00054,
        "POL": 3.812,
        "XRP": 0.275,
        "DOGE": 4.6332,
        "ETH": 0.00024,
        "TRX": 1.705,
        "SOL": 0.006,
        "ALGO": 8.18484,
        "USDT": 1.38888
    }
}
