{
    "BRONZE I": {
        "RLT": 0.76,
        "RST": 48,
        "BTC": 0.00000201,
        "LTC": 0.0015
    },
    "BRONZE II": {
        "RLT": 1.4,
        "RST": 86,
        "BTC": 0.00000411,
        "LTC": 0.00269,
        "BNB": 0.0007
    },
    "BRONZE III": {
        "RLT": 1.55,
        "RST": 117,
        "BTC": 0.00000759,
        "LTC": 0.0049,
        "BNB": 0.00087,
        "POL": 6.73
    },
    "SILVER I": {
        "RLT": 0.91,
        "RST": 69,
        "BTC": 0.00000439,
        "LTC": 0.0026,
        "BNB": 0.000444,
        "POL": 3.27,
        "XRP": 0.252,
        "USDT": 0.14287
    },
    "SILVER II": {
        "RLT": 1.07,
        "RST": 81,
        "BTC": 0.00000437,
        "LTC": 0.00274,
        "BNB": 0.000428,
        "POL": 2.99,
        "XRP": 0.224,
        "DOGE": 5.5616,
        "USDT": 0.195529
    },
    "SILVER III": {
        "RLT": 0.88,
        "RST": 66,
        "BTC": 0.00000431,
        "LTC": 0.00232,
        "BNB": 0.000345,
        "POL": 2.29,
        "XRP": 0.164,
        "DOGE": 3.8405,
        "ETH": 0.0001958,
        "USDT": 0.274038
    },
    "GOLD I": {
        "RLT": 0.66,
        "RST": 50,
        "BTC": 0.00000366,
        "LTC": 0.00185,
        "BNB": 0.000254,
        "POL": 1.617,
        "XRP": 0.112,
        "DOGE": 2.598,
        "ETH": 0.000121,
        "TRX": 2.12,
        "USDT": 0.151647
    },
    "GOLD II": {
        "RLT": 1.06,
        "RST": 80,
        "BTC": 0.00000584,
        "LTC": 0.00239,
        "BNB": 0.000339,
        "POL": 1.951,
        "XRP": 0.132,
        "DOGE": 3.066,
        "ETH": 0.000137,
        "TRX": 2.377,
        "SOL": 0.0087,
        "HMT": 625,
        "USDT": 0.274038
    },
    "GOLD III": {
        "RLT": 2.72,
        "RST": 204,
        "BTC": 0.00001625,
        "LTC": 0.00747,
        "BNB": 0.001072,
        "POL": 6.575,
        "XRP": 0.459,
        "DOGE": 10.889,
        "ETH": 0.000505,
        "TRX": 8.958,
        "SOL": 0.0232,
        "HMT": 1528,
        "USDT": 1
    },
    "PLATINUM I": {
        "RLT": 4.5,
        "RST": 338,
        "BTC": 0.00003274,
        "LTC": 0.01554,
        "BNB": 0.002304,
        "POL": 14.622,
        "XRP": 1.044,
        "DOGE": 25.687,
        "ETH": 0.0012278,
        "TRX": 22.37,
        "SOL": 0.0301,
        "ALGO": 27.413,
        "HMT": 3125,
        "USDT": 2.340383
    },
    "PLATINUM II": {
        "RLT": 2.11,
        "RST": 158,
        "BTC": 0.00002006,
        "LTC": 0.00951,
        "BNB": 0.001467,
        "POL": 9.472,
        "XRP": 0.694,
        "DOGE": 17.559,
        "ETH": 0.0008583,
        "TRX": 16.004,
        "SOL": 0.0331,
        "ALGO": 11.467,
        "HMT": 2430,
        "USDT": 1.46274
    },
    "PLATINUM III": {
        "RLT": 1.21,
        "RST": 91,
        "BTC": 0.00001353,
        "LTC": 0.00648,
        "BNB": 0.001053,
        "POL": 7.01,
        "XRP": 0.533,
        "DOGE": 13.982,
        "ETH": 0.0007057,
        "TRX": 13.577,
        "SOL": 0.0352,
        "ALGO": 7.382,
        "HMT": 2084,
        "USDT": 1.316466
    },
    "DIAMOND I": {
        "RST": 81,
        "BTC": 0.00001319,
        "LTC": 0.01402,
        "BNB": 0.001217,
        "POL": 13.672,
        "XRP": 0.887,
        "DOGE": 14.78,
        "ETH": 0.0006502,
        "TRX": 4.196,
        "SOL": 0.0098,
        "ALGO": 16.512,
        "USDT": 1.170192
    },
    "DIAMOND II": {
        "RST": 45.59218,
        "BTC": 0.00002805,
        "LTC": 0.023,
        "BNB": 0.002956,
        "POL": 15.783,
        "XRP": 1.02,
        "DOGE": 31.441,
        "ETH": 0.00075,
        "TRX": 4.848,
        "SOL": 0.0162,
        "ALGO": 35.088,
        "USDT": 2.7
    },
    "DIAMOND III": {
        "RST": 352,
        "BTC": 0.00000433,
        "LTC": 0.00518,
        "BNB": 0.000504,
        "POL": 3.698,
        "XRP": 0.28,
        "DOGE": 4.819,
        "ETH": 0.0002281,
        "TRX": 1.654,
        "SOL": 0.0057,
        "ALGO": 8.18484,
        "USDT": 1.38888
    }
}
