{
    "BRONZE I": {
        "RLT": 0.76,
        "RST": 48,
        "BTC": 0.00000201,
        "LTC": 0.0015
    },
    "BRONZE II": {
        "RLT": 1.4,
        "RST": 86,
        "BTC": 0.00000411,
        "LTC": 0.00269,
        "BNB": 0.0007
    },
    "BRONZE III": {
        "RLT": 1.55,
        "RST": 117,
        "BTC": 0.00000759,
        "LTC": 0.0049,
        "BNB": 0.00087,
        "POL": 6.73
    },
    "SILVER I": {
        "RLT": 0.91,
        "RST": 69,
        "BTC": 0.00000439,
        "LTC": 0.0026,
        "BNB": 0.000444,
        "POL": 3.27,
        "XRP": 0.252,
        "USDT": 0.14287
    },
    "SILVER II": {
        "RLT": 1.07,
        "RST": 81,
        "BTC": 0.00000469,
        "LTC": 0.0027,
        "BNB": 0.000428,
        "POL": 2.99,
        "XRP": 0.219,
        "DOGE": 5.6463,
        "USDT": 0.195529
    },
    "SILVER III": {
        "RLT": 0.88,
        "RST": 66,
        "BTC": 0.00000418,
        "LTC": 0.0023,
        "BNB": 0.000345,
        "POL": 2.29,
        "XRP": 0.161,
        "DOGE": 3.899,
        "ETH": 0.00019,
        "USDT": 0.274038
    },
    "GOLD I": {
        "RLT": 0.66,
        "RST": 50,
        "BTC": 0.00000351,
        "LTC": 0.00185,
        "BNB": 0.000262,
        "POL": 1.633,
        "XRP": 0.11,
        "DOGE": 2.574,
        "ETH": 0.000122,
        "TRX": 2.152,
        "USDT": 0.151647
    },
    "GOLD II": {
        "RLT": 1.06,
        "RST": 80,
        "BTC": 0.00000561,
        "LTC": 0.00239,
        "BNB": 0.000349,
        "POL": 1.971,
        "XRP": 0.129,
        "DOGE": 3.037,
        "ETH": 0.000138,
        "TRX": 2.414,
        "SOL": 0.0088,
        "HMT": 625,
        "USDT": 0.274038
    },
    "GOLD III": {
        "RLT": 2.72,
        "RST": 204,
        "BTC": 0.00001562,
        "LTC": 0.00747,
        "BNB": 0.001105,
        "POL": 6.643,
        "XRP": 0.45,
        "DOGE": 10.785,
        "ETH": 0.000508,
        "TRX": 9.096,
        "SOL": 0.0234,
        "HMT": 1528,
        "USDT": 1
    },
    "PLATINUM I": {
        "RLT": 4.5,
        "RST": 338,
        "BTC": 0.00003147,
        "LTC": 0.01554,
        "BNB": 0.002376,
        "POL": 14.772,
        "XRP": 1.023,
        "DOGE": 25.444,
        "ETH": 0.001234,
        "TRX": 22.716,
        "SOL": 0.0302,
        "ALGO": 27.413,
        "HMT": 3125,
        "USDT": 2.340383
    },
    "PLATINUM II": {
        "RLT": 2.11,
        "RST": 158,
        "BTC": 0.00001928,
        "LTC": 0.00951,
        "BNB": 0.001512,
        "POL": 9.569,
        "XRP": 0.68,
        "DOGE": 17.393,
        "ETH": 0.000863,
        "TRX": 16.251,
        "SOL": 0.0332,
        "ALGO": 11.467,
        "HMT": 2430,
        "USDT": 1.46274
    },
    "PLATINUM III": {
        "RLT": 1.21,
        "RST": 91,
        "BTC": 0.00001301,
        "LTC": 0.00648,
        "BNB": 0.001085,
        "POL": 7.082,
        "XRP": 0.523,
        "DOGE": 13.85,
        "ETH": 0.000709,
        "TRX": 13.787,
        "SOL": 0.0354,
        "ALGO": 7.382,
        "HMT": 2084,
        "USDT": 1.316466
    },
    "DIAMOND I": {
        "RST": 81,
        "BTC": 0.00001267,
        "LTC": 0.01402,
        "BNB": 0.001254,
        "POL": 13.813,
        "XRP": 0.87,
        "DOGE": 14.64,
        "ETH": 0.000654,
        "TRX": 4.261,
        "SOL": 0.0099,
        "ALGO": 16.512,
        "USDT": 1.170192
    },
    "DIAMOND II": {
        "RST": 45.59218,
        "BTC": 0.00002695,
        "LTC": 0.023,
        "BNB": 0.003047,
        "POL": 15.946,
        "XRP": 1,
        "DOGE": 31.144,
        "ETH": 0.000754,
        "TRX": 4.923,
        "SOL": 0.0163,
        "ALGO": 35.088,
        "USDT": 2.7
    },
    "DIAMOND III": {
        "RST": 352,
        "BTC": 0.00000416,
        "LTC": 0.00508,
        "BNB": 0.00052,
        "POL": 3.812,
        "XRP": 0.275,
        "DOGE": 4.7027,
        "ETH": 0.000233,
        "TRX": 1.705,
        "SOL": 0.0058,
        "ALGO": 8.18484,
        "USDT": 1.38888
    }
}
